country,GDP,Adolescent_fertility_rate
Angola,409.812942,150.526
Mali,828.6132202,169.127
Chad,664.3033157,161.09
Niger,375.8694897,186.538
Burkina Faso,600.2001,153.1922
Central African Republic,823.23,140.637
Equatorial Guinea,820.302,169.9012
